{
  "accuracy": 0.9309941520467836,
  "precision": 0.9329700163983171,
  "recall": 0.9288952594541632,
  "f1": 0.9293476564720629,
  "weighted_precision": 0.9352128104624179,
  "weighted_recall": 0.9309941520467836,
  "weighted_f1": 0.9316246585573473,
  "macro_precision": 0.9329700163983171,
  "macro_recall": 0.9288952594541632,
  "macro_f1": 0.9293476564720629,
  "confusion_matrix": [
    [
      172,
      21,
      0,
      5
    ],
    [
      2,
      188,
      4,
      6
    ],
    [
      1,
      4,
      231,
      3
    ],
    [
      1,
      12,
      0,
      205
    ]
  ],
  "per_class_precision": [
    0.9772727272727273,
    0.8355555555555556,
    0.9829787234042553,
    0.9360730593607306
  ],
  "per_class_recall": [
    0.8686868686868687,
    0.94,
    0.9665271966527197,
    0.9403669724770642
  ],
  "per_class_f1": [
    0.9197860962566845,
    0.8847058823529412,
    0.9746835443037974,
    0.9382151029748284
  ],
  "per_class_support": [
    198,
    200,
    239,
    218
  ]
}